{
    "accuracy": 0.7565649396735273,
    "precision": 0.5287569573283859,
    "recall": 0.7620320855614974,
    "f1_score": 0.624315443592552,
    "roc_auc": 0.8400656178149786,
    "best_cv_score": 0.6336043595355344
}